Key,File,Type,UsedInMainMenu,NoTranslate,english,spanish,Context
zombieRancherIrradiation,,,,,"Rancher [8FCE00]Irradiation [000000]Elite","Rancher [8FCE00]Irradiado [000000]Elite",,
zombieRancherElectric,,,,,"Rancher [16537E]Electric [000000]Elite","Rancher [16537E]Electrico [000000]Elite",,
zombieRancherFire,,,,,"Rancher [FF0000]Fire [000000]Elite","Rancher [FF0000]Fuego [000000]Elite",,
zombieChuckIrradiation,,,,,"Chuck [8FCE00]Irradiation [000000]Elite","Chuck [8FCE00]Irradiado [000000]Elite",,
zombieChuckElectric,,,,,"Chuck [16537E]Electric [000000]Elite","Chuck [16537E]Electrico [000000]Elite",,
zombieChuckFire,,,,,"Chuck [FF0000]Fire [000000]Elite","Chuck [FF0000]Fuego [000000]Elite",,
itemEasyModeTM,,,,,"Easy mode Pill","Pastilla modo Fácil",,
itemEasyModeTMDesc,,,,,"Take this pill to switch to easy mode, the zombies TM will flee from your imposing presence.","Tomate esta pastilla para pasar al modo fácil, los zombis TM huiran ante tu imponente presencia.",,
itemHardModeTM,,,,,"Hard mode Pill","Pastilla modo Difícil",,
itemHardModeTMDesc,,,,,"Take this pill to switch to hard mode, zombies TM will be more aggressive, faster, stronger, and tougher, and they’ll have new abilities, too you’d better have your affairs in order...","Tomate esta pastilla para pasar al modo difícil, los zombis TM seran mas agresivos, rapidos, fuertes, resistentes, y ademas tendran nuevas habilidades, sera mejor que hallas dejado tus cosas en orden...",,
itemNormalModeTM,,,,,"Normal mode Pill","Pastilla modo Normal",,
itemNormalModeTMDesc,,,,,"Take this pill to return to Tongo's normal mode.","Tomate esta pastilla para volver al modo normal de Tongo.",,
questLetterHardTM,,,,,"A letter with a special hard request","Una carta con una petición especialmente dificil",,
questLetterHardTMDesc,,,,,"A letter with a special hard request. \n\nOpen the letter to get a challenge proposed by a survivor, a special request, which the seller will know how to reward appropriately.","Una carta con una petición especialmente dificil. \n\nAbre la carta para obtener un reto propuesto por algún superviviente, una petición especial, que el vendedor sabrá recompensar adecuadamente.",,
quest_radial_hard1_name,,,,,"Commandos Arlene","Arlene Comando",,
quest_radial_hard2_name,,,,,"Commandos Screamer","Gritona Comando",,
quest_radial_hard3_name,,,,,"Commandos Arlene (horde)","Arlene Comando (horda)",,
quest_radial_hard4_name,,,,,"Commandos General (horde)","General Comando (horda)",,
quest_radial_hard5_name,,,,,"Elite Burnt","Quemado Elite",,
quest_radial_hard6_name,,,,,"Elite Tom6K","Tom6K Elite",,
quest_radial_hard7_name,,,,,"Irradiation Wolf","Lobo Irradiado",,
quest_radial_hard8_name,,,,,"Irradiation Vulture","Buitre Irradiado",,
quest_radial_hard9_name,,,,,"Elite Rancher","Ranchero Elite",,
quest_radial_hard10_name,,,,,"Elite Lumberjack","Leñador Elite",,
quest_radial_hard11_name,,,,,"Elite Chuck","Quemado Chuck",,
quest_radial_hard12_name,,,,,"Elite Mutated","Mutante Elite",,
quest_radial_hard13_name,,,,,"Elite Wight","Criatura Elite",,
quest_radial_hard14_name,,,,,"Elite Super Cop","Super Policia Elite",,
quest_radial_hard15_name,,,,,"Elite Super Biker","Super Motero ELite",,
quest_radialHard1,,,,,"Commandos Arlene","Arlene Comando",,
quest_radialHard2,,,,,"Commandos Screamer","Gritona Comando",,
quest_radialHard3,,,,,"Commandos Arlene (horde)","Arlene Comando (horda)",,
quest_radialHard4,,,,,"Commandos General (horde)","General Comando (horda)",,
quest_radialHard5,,,,,"Elite Burnt","Quemado Elite",,
quest_radialHard6,,,,,"Elite Tom6K","Tom6K Elite",,
quest_radialHard7,,,,,"Irradiation Wolf","Lobo Irradiado",,
quest_radialHard8,,,,,"Irradiation Vulture","Buitre Irradiado",,
quest_radialHard9,,,,,"Elite Rancher","Ranchero Elite",,
quest_radialHard10,,,,,"Elite Lumberjack","Leñador Elite",,
quest_radialHard11,,,,,"Elite Chuck","Quemado Chuck",,
quest_radialHard12,,,,,"Elite Mutated","Mutante Elite",,
quest_radialHard13,,,,,"Elite Wight","Criatura Elite",,
quest_radialHard14,,,,,"Elite Super Cop","Super Policia Elite",,
quest_radialHard15,,,,,"Elite Super Biker","Super Motero ELite",,
questRadialHard1,,,,,"Commandos Arlene","Arlene Comando",,
questRadialHard2,,,,,"Commandos Screamer","Gritona Comando",,
questRadialHard3,,,,,"Commandos Arlene (horde)","Arlene Comando (horda)",,
questRadialHard4,,,,,"Commandos General (horde)","General Comando (horda)",,
questRadialHard5,,,,,"Elite Burnt","Quemado Elite",,
questRadialHard6,,,,,"Elite Tom6K","Tom6K Elite",,
questRadialHard7,,,,,"Irradiation Wolf","Lobo Irradiado",,
questRadialHard8,,,,,"Irradiation Vulture","Buitre Irradiado",,
questRadialHard9,,,,,"Elite Rancher","Ranchero Elite",,
questRadialHard10,,,,,"Elite Lumberjack","Leñador Elite",,
questRadialHard11,,,,,"Elite Chuck","Quemado Chuck",,
questRadialHard12,,,,,"Elite Mutated","Mutante Elite",,
questRadialHard13,,,,,"Elite Wight","Criatura Elite",,
questRadialHard14,,,,,"Elite Super Cop","Super Policia Elite",,
questRadialHard15,,,,,"Elite Super Biker","Super Motero ELite",,
questRadialHard1_name,,,,,"Commandos Arlene","Arlene Comando",,
questRadialHard2_name,,,,,"Commandos Screamer","Gritona Comando",,
questRadialHard3_name,,,,,"Commandos Arlene (horde)","Arlene Comando (horda)",,
questRadialHard4_name,,,,,"Commandos General (horde)","General Comando (horda)",,
questRadialHard5_name,,,,,"Elite Burnt","Quemado Elite",,
questRadialHard6_name,,,,,"Elite Tom6K","Tom6K Elite",,
questRadialHard7_name,,,,,"Irradiation Wolf","Lobo Irradiado",,
questRadialHard8_name,,,,,"Irradiation Vulture","Buitre Irradiado",,
questRadialHard9_name,,,,,"Elite Rancher","Ranchero Elite",,
questRadialHard10_name,,,,,"Elite Lumberjack","Leñador Elite",,
questRadialHard11_name,,,,,"Elite Chuck","Quemado Chuck",,
questRadialHard12_name,,,,,"Elite Mutated","Mutante Elite",,
questRadialHard13_name,,,,,"Elite Wight","Criatura Elite",,
questRadialHard14_name,,,,,"Elite Super Cop","Super Policia Elite",,
questRadialHard15_name,,,,,"Elite Super Biker","Super Motero ELite",,
questRadialHard1_subtitle,,,,,"Commandos Arlene","Arlene Comando",,
questRadialHard2_subtitle,,,,,"Commandos Screamer","Gritona Comando",,
questRadialHard3_subtitle,,,,,"Commandos Arlene (horde)","Arlene Comando (horda)",,
questRadialHard4_subtitle,,,,,"Commandos General (horde)","General Comando (horda)",,
questRadialHard5_subtitle,,,,,"Elite Burnt","Quemado Elite",,
questRadialHard6_subtitle,,,,,"Elite Tom6K","Tom6K Elite",,
questRadialHard7_subtitle,,,,,"Irradiation Wolf","Lobo Irradiado",,
questRadialHard8_subtitle,,,,,"Irradiation Vulture","Buitre Irradiado",,
questRadialHard9_subtitle,,,,,"Elite Rancher","Ranchero Elite",,
questRadialHard10_subtitle,,,,,"Elite Lumberjack","Leñador Elite",,
questRadialHard11_subtitle,,,,,"Elite Chuck","Quemado Chuck",,
questRadialHard12_subtitle,,,,,"Elite Mutated","Mutante Elite",,
questRadialHard13_subtitle,,,,,"Elite Wight","Criatura Elite",,
questRadialHard14_subtitle,,,,,"Elite Super Cop","Super Policia Elite",,
questRadialHard15_subtitle,,,,,"Elite Super Biker","Super Motero ELite",,
quest_radial_hard1_subtitle,,,,,"Kill zombies","Elimina zombis",,
quest_radial_hard2_subtitle,,,,,"Kill zombies","Elimina zombis",,
quest_radial_hard3_subtitle,,,,,"Kill zombies","Elimina zombis",,
quest_radial_hard4_subtitle,,,,,"Kill zombies","Elimina zombis",,
quest_radial_hard5_subtitle,,,,,"Kill zombies","Elimina zombis",,
quest_radial_hard6_subtitle,,,,,"Kill zombies","Elimina zombis",,
quest_radial_hard7_subtitle,,,,,"Kill zombies","Elimina zombis",,
quest_radial_hard8_subtitle,,,,,"Kill zombies","Elimina zombis",,
quest_radial_hard9_subtitle,,,,,"Kill zombies","Elimina zombis",,
quest_radial_hard10_subtitle,,,,,"Kill zombies","Elimina zombis",,
quest_radial_hard11_subtitle,,,,,"Kill zombies","Elimina zombis",,
quest_radial_hard12_subtitle,,,,,"Kill zombies","Elimina zombis",,
quest_radial_hard13_subtitle,,,,,"Kill zombies","Elimina zombis",,
quest_radial_hard14_subtitle,,,,,"Kill zombies","Elimina zombis",,
quest_radial_hard15_subtitle,,,,,"Kill zombies","Elimina zombis",,
quest_radialHard1Desc,,,,,"Army Petition","Petición del Ejercito",,
quest_radialHard2Desc,,,,,"Army Petition","Petición del Ejercito",,
quest_radialHard3Desc,,,,,"Army Petition","Petición del Ejercito",,
quest_radialHard4Desc,,,,,"Army Petition","Petición del Ejercito",,
quest_radialHard5Desc,,,,,"Army Petition","Petición del Ejercito",,
quest_radialHard6Desc,,,,,"Army Petition","Petición del Ejercito",,
quest_radialHard7Desc,,,,,"Army Petition","Petición del Ejercito",,
quest_radialHard8Desc,,,,,"Army Petition","Petición del Ejercito",,
quest_radialHard9Desc,,,,,"Army Petition","Petición del Ejercito",,
quest_radialHard10Desc,,,,,"Army Petition","Petición del Ejercito",,
quest_radialHard11Desc,,,,,"Army Petition","Petición del Ejercito",,
quest_radialHard12Desc,,,,,"Army Petition","Petición del Ejercito",,
quest_radialHard13Desc,,,,,"Army Petition","Petición del Ejercito",,
quest_radialHard14Desc,,,,,"Army Petition","Petición del Ejercito",,
quest_radialHard15Desc,,,,,"Army Petition","Petición del Ejercito",,
quest_radial_hard1_desc,,,,,"This is for professionals only. \n\nThe army is offering a hefty reward for taking down a group of those tricky zombies. \n\nEliminate a group of Arlene commandos, whether they're irradiated, fired, or electric.","Esto es solo para profesionales. \n\nEl ejercito ofrece una gran recompensa por acabar con un grupo de esos zombis tan complicados. \n\nAcaba con un grupo de Arlene comando ya sean irradiadas, de fuego o electricas.",,
quest_radial_hard2_desc,,,,,"This is for professionals only. \n\nThe army is offering a hefty reward for taking down a group of those tricky zombies. \n\nEliminate a group of Screamer commandos, whether they're irradiated, fired, or electric.","Esto es solo para profesionales. \n\nEl ejercito ofrece una gran recompensa por acabar con un grupo de esos zombis tan complicados. \n\nAcaba con un grupo de Gritonas comando ya sean irradiadas, de fuego o electricas.",,
quest_radial_hard3_desc,,,,,"This is for professionals only. \n\nThe army is offering a hefty reward for taking down a group of those tricky zombies. \n\nEliminate a group of Arlene commandos, whether they're irradiated, fired, or electric. (Only during the horde)","Esto es solo para profesionales. \n\nEl ejercito ofrece una gran recompensa por acabar con un grupo de esos zombis tan complicados. \n\nAcaba con un grupo de Arlene comando ya sean irradiadas, de fuego o electricas. (solo durante la horda)",,
quest_radial_hard4_desc,,,,,"This is for professionals only. \n\nThe army is offering a hefty reward for taking down a group of those tricky zombies. \n\nEliminate a group of General commandos, whether they're irradiated, fired, or electric. (Only during the horde)","Esto es solo para profesionales. \n\nEl ejercito ofrece una gran recompensa por acabar con un grupo de esos zombis tan complicados. \n\nAcaba con un grupo de General comando ya sean irradiados, de fuego o electricos. (solo durante la horda)",,
quest_radial_hard5_desc,,,,,"This is for professionals only. \n\nThe army is offering a hefty reward for taking down a group of those tricky zombies. \n\nEliminate a group of Elite Burn, whether they're irradiated, fired, or electric.","Esto es solo para profesionales. \n\nEl ejercito ofrece una gran recompensa por acabar con un grupo de esos zombis tan complicados. \n\nAcaba con un grupo de Quemado Elite ya sean irradiados, de fuego o electricos.",,
quest_radial_hard6_desc,,,,,"This is for professionals only. \n\nThe army is offering a hefty reward for taking down a group of those tricky zombies. \n\nEliminate a group of Elite Tom6K, whether they're irradiated, fired, or electric.","Esto es solo para profesionales. \n\nEl ejercito ofrece una gran recompensa por acabar con un grupo de esos zombis tan complicados. \n\nAcaba con un grupo de Tom6K Elite ya sean irradiados, de fuego o electricos.",,
quest_radial_hard7_desc,,,,,"This is for professionals only. \n\nThe army is offering a hefty reward for taking down a group of those tricky zombies. \n\nEliminate a group of Elite Dire Wolf, whether they're irradiated, fired, or electric.","Esto es solo para profesionales. \n\nEl ejercito ofrece una gran recompensa por acabar con un grupo de esos zombis tan complicados. \n\nAcaba con un grupo de Lobos gigantes Elite ya sean irradiados, de fuego o electricos.",,
quest_radial_hard8_desc,,,,,"This is for professionals only. \n\nThe army is offering a hefty reward for taking down a group of those tricky zombies. \n\nEliminate a group of Elite Vulture, whether they're irradiated, fired, or electric.","Esto es solo para profesionales. \n\nEl ejercito ofrece una gran recompensa por acabar con un grupo de esos zombis tan complicados. \n\nAcaba con un grupo de Buitres gigantes Elite ya sean irradiados, de fuego o electricos.",,
quest_radial_hard9_desc,,,,,"This is for professionals only. \n\nThe army is offering a hefty reward for taking down a group of those tricky zombies. \n\nEliminate a group of Elite Rancher, whether they're irradiated, fired, or electric.","Esto es solo para profesionales. \n\nEl ejercito ofrece una gran recompensa por acabar con un grupo de esos zombis tan complicados. \n\nAcaba con un grupo de Ranchero Elite ya sean irradiados, de fuego o electricos.",,
quest_radial_hard10_desc,,,,,"This is for professionals only. \n\nThe army is offering a hefty reward for taking down a group of those tricky zombies. \n\nEliminate a group of Elite Lumberjack, whether they're irradiated, fired, or electric.","Esto es solo para profesionales. \n\nEl ejercito ofrece una gran recompensa por acabar con un grupo de esos zombis tan complicados. \n\nAcaba con un grupo de Leñador Elite ya sean irradiados, de fuego o electricos.",,
quest_radial_hard11_desc,,,,,"This is for professionals only. \n\nThe army is offering a hefty reward for taking down a group of those tricky zombies. \n\nEliminate a group of Elite Chuck, whether they're irradiated, fired, or electric.","Esto es solo para profesionales. \n\nEl ejercito ofrece una gran recompensa por acabar con un grupo de esos zombis tan complicados. \n\nAcaba con un grupo de Chuck Elite ya sean irradiados, de fuego o electricos.",,
quest_radial_hard12_desc,,,,,"This is for professionals only. \n\nThe army is offering a hefty reward for taking down a group of those tricky zombies. \n\nEliminate a group of Elite Mutated, whether they're irradiated, fired, or electric.","Esto es solo para profesionales. \n\nEl ejercito ofrece una gran recompensa por acabar con un grupo de esos zombis tan complicados. \n\nAcaba con un grupo de Mutante Elite ya sean irradiados, de fuego o electricos.",,
quest_radial_hard13_desc,,,,,"This is for professionals only. \n\nThe army is offering a hefty reward for taking down a group of those tricky zombies. \n\nEliminate a group of Elite Wight, whether they're irradiated, fired, or electric.","Esto es solo para profesionales. \n\nEl ejercito ofrece una gran recompensa por acabar con un grupo de esos zombis tan complicados. \n\nAcaba con un grupo de Criatura Elite ya sean irradiados, de fuego o electricos.",,
quest_radial_hard14_desc,,,,,"This is for professionals only. \n\nThe army is offering a hefty reward for taking down a group of those tricky zombies. \n\nEliminate a group of Elite Super Cop, whether they're irradiated, fired, or electric.","Esto es solo para profesionales. \n\nEl ejercito ofrece una gran recompensa por acabar con un grupo de esos zombis tan complicados. \n\nAcaba con un grupo de Super Policia Elite ya sean irradiados, de fuego o electricos.",,
quest_radial_hard15_desc,,,,,"This is for professionals only. \n\nThe army is offering a hefty reward for taking down a group of those tricky zombies. \n\nEliminate a group of Elite Super Biker, whether they're irradiated, fired, or electric.","Esto es solo para profesionales. \n\nEl ejercito ofrece una gran recompensa por acabar con un grupo de esos zombis tan complicados. \n\nAcaba con un grupo de Super Motero Elite ya sean irradiados, de fuego o electricos.",,
quest_radial_hard1_offer,,,,,"This is for professionals only. \n\nThe army is offering a hefty reward for taking down a group of those tricky zombies. \n\nEliminate a group of Arlene commandos, whether they're irradiated, fired, or electric.","Esto es solo para profesionales. \n\nEl ejercito ofrece una gran recompensa por acabar con un grupo de esos zombis tan complicados. \n\nAcaba con un grupo de Arlene comando ya sean irradiadas, de fuego o electricas.",,
quest_radial_hard2_offer,,,,,"This is for professionals only. \n\nThe army is offering a hefty reward for taking down a group of those tricky zombies. \n\nEliminate a group of Screamer commandos, whether they're irradiated, fired, or electric.","Esto es solo para profesionales. \n\nEl ejercito ofrece una gran recompensa por acabar con un grupo de esos zombis tan complicados. \n\nAcaba con un grupo de Gritonas comando ya sean irradiadas, de fuego o electricas.",,
quest_radial_hard3_offer,,,,,"This is for professionals only. \n\nThe army is offering a hefty reward for taking down a group of those tricky zombies. \n\nEliminate a group of Arlene commandos, whether they're irradiated, fired, or electric. (Only during the horde)","Esto es solo para profesionales. \n\nEl ejercito ofrece una gran recompensa por acabar con un grupo de esos zombis tan complicados. \n\nAcaba con un grupo de Arlene comando ya sean irradiadas, de fuego o electricas. (solo durante la horda)",,
quest_radial_hard4_offer,,,,,"This is for professionals only. \n\nThe army is offering a hefty reward for taking down a group of those tricky zombies. \n\nEliminate a group of General commandos, whether they're irradiated, fired, or electric. (Only during the horde)","Esto es solo para profesionales. \n\nEl ejercito ofrece una gran recompensa por acabar con un grupo de esos zombis tan complicados. \n\nAcaba con un grupo de General comando ya sean irradiados, de fuego o electricos. (solo durante la horda)",,
quest_radial_hard5_offer,,,,,"This is for professionals only. \n\nThe army is offering a hefty reward for taking down a group of those tricky zombies. \n\nEliminate a group of Elite Burn, whether they're irradiated, fired, or electric.","Esto es solo para profesionales. \n\nEl ejercito ofrece una gran recompensa por acabar con un grupo de esos zombis tan complicados. \n\nAcaba con un grupo de Quemado Elite ya sean irradiados, de fuego o electricos.",,
quest_radial_hard6_offer,,,,,"This is for professionals only. \n\nThe army is offering a hefty reward for taking down a group of those tricky zombies. \n\nEliminate a group of Elite Tom6K, whether they're irradiated, fired, or electric.","Esto es solo para profesionales. \n\nEl ejercito ofrece una gran recompensa por acabar con un grupo de esos zombis tan complicados. \n\nAcaba con un grupo de Tom6K Elite ya sean irradiados, de fuego o electricos.",,
quest_radial_hard7_offer,,,,,"This is for professionals only. \n\nThe army is offering a hefty reward for taking down a group of those tricky zombies. \n\nEliminate a group of Elite Dire Wolf, whether they're irradiated, fired, or electric.","Esto es solo para profesionales. \n\nEl ejercito ofrece una gran recompensa por acabar con un grupo de esos zombis tan complicados. \n\nAcaba con un grupo de Lobos gigantes Elite ya sean irradiados, de fuego o electricos.",,
quest_radial_hard8_offer,,,,,"This is for professionals only. \n\nThe army is offering a hefty reward for taking down a group of those tricky zombies. \n\nEliminate a group of Elite Vulture, whether they're irradiated, fired, or electric.","Esto es solo para profesionales. \n\nEl ejercito ofrece una gran recompensa por acabar con un grupo de esos zombis tan complicados. \n\nAcaba con un grupo de Buitres gigantes Elite ya sean irradiados, de fuego o electricos.",,
quest_radial_hard9_offer,,,,,"This is for professionals only. \n\nThe army is offering a hefty reward for taking down a group of those tricky zombies. \n\nEliminate a group of Elite Rancher, whether they're irradiated, fired, or electric.","Esto es solo para profesionales. \n\nEl ejercito ofrece una gran recompensa por acabar con un grupo de esos zombis tan complicados. \n\nAcaba con un grupo de Ranchero Elite ya sean irradiados, de fuego o electricos.",,
quest_radial_hard10_offer,,,,,"This is for professionals only. \n\nThe army is offering a hefty reward for taking down a group of those tricky zombies. \n\nEliminate a group of Elite Lumberjack, whether they're irradiated, fired, or electric.","Esto es solo para profesionales. \n\nEl ejercito ofrece una gran recompensa por acabar con un grupo de esos zombis tan complicados. \n\nAcaba con un grupo de Leñador Elite ya sean irradiados, de fuego o electricos.",,
quest_radial_hard11_offer,,,,,"This is for professionals only. \n\nThe army is offering a hefty reward for taking down a group of those tricky zombies. \n\nEliminate a group of Elite Chuck, whether they're irradiated, fired, or electric.","Esto es solo para profesionales. \n\nEl ejercito ofrece una gran recompensa por acabar con un grupo de esos zombis tan complicados. \n\nAcaba con un grupo de Chuck Elite ya sean irradiados, de fuego o electricos.",,
quest_radial_hard12_offer,,,,,"This is for professionals only. \n\nThe army is offering a hefty reward for taking down a group of those tricky zombies. \n\nEliminate a group of Elite Mutated, whether they're irradiated, fired, or electric.","Esto es solo para profesionales. \n\nEl ejercito ofrece una gran recompensa por acabar con un grupo de esos zombis tan complicados. \n\nAcaba con un grupo de Mutante Elite ya sean irradiados, de fuego o electricos.",,
quest_radial_hard13_offer,,,,,"This is for professionals only. \n\nThe army is offering a hefty reward for taking down a group of those tricky zombies. \n\nEliminate a group of Elite Wight, whether they're irradiated, fired, or electric.","Esto es solo para profesionales. \n\nEl ejercito ofrece una gran recompensa por acabar con un grupo de esos zombis tan complicados. \n\nAcaba con un grupo de Criatura Elite ya sean irradiados, de fuego o electricos.",,
quest_radial_hard14_offer,,,,,"This is for professionals only. \n\nThe army is offering a hefty reward for taking down a group of those tricky zombies. \n\nEliminate a group of Elite Super Cop, whether they're irradiated, fired, or electric.","Esto es solo para profesionales. \n\nEl ejercito ofrece una gran recompensa por acabar con un grupo de esos zombis tan complicados. \n\nAcaba con un grupo de Super Policia Elite ya sean irradiados, de fuego o electricos.",,
quest_radial_hard15_offer,,,,,"This is for professionals only. \n\nThe army is offering a hefty reward for taking down a group of those tricky zombies. \n\nEliminate a group of Elite Super Biker, whether they're irradiated, fired, or electric.","Esto es solo para profesionales. \n\nEl ejercito ofrece una gran recompensa por acabar con un grupo de esos zombis tan complicados. \n\nAcaba con un grupo de Super Motero Elite ya sean irradiados, de fuego o electricos.",,
buffEasyModeTMNameShort,,,,,"Easy mode","Modo fácil",,
buffHardModeTMNameShort,,,,,"Hard mode","Modo difícil",,
buffCrappyLootTM,,,,,"Very poor loot","Botín de mierda",,
buffCrappyLootTMDesc,,,,,"Did you think the loot was bad? Don't worry, now it's going to be worse.","¿Pensabas que el botin era malo?, no te preocupes, ahora sera peor.",,
buffShieldEnemiesTM,,,,,"Zombie Defense","Defensa Zombi",,
buffShieldEnemiesTMDesc,,,,,"Be very careful, zombies defense have increased significantly.","Mucho cuidado, la defensa de los zombis a aumentado notablemente.",,
buffNewbieTM,,,,,"New Newbie","Nuevo Novato",,
buffNewbieTMDesc,,,,,"You're a newbie again, don't get into trouble.","Vuelves a ser un novato, no te metas en lios.",,
name,,,,,"English","Spanish",,